"","model","rmse","r2_marg","r2_cond"
"1","quadratic",8.31107060547639,0.00318899892086371,0.821795001330959
"2","linear",8.38600611800502,5.36986309661604e-05,0.824336298615809
