"","model","rmse","r2_marg","r2_cond"
"1","quadratic",8.34850299877925,0.0094040095055442,0.837406760088069
"2","linear",8.54731199188299,7.33176120746366e-05,0.846917708609599
