"","model","rmse","r2_marg","r2_cond"
"1","quadratic",8.34854175988358,0.00940406036459003,0.837405904662486
"2","linear",8.54731209839556,7.33175225099539e-05,0.846917735155426
