"","model","rmse"
"1","quadratic",8.34856211823478
"2","linear",8.54730039079585
