"","model","rmse","r2_marg","r2_cond"
"1","quadratic",7.7083853985247,0.00142052058541096,0.790373331067387
"2","linear",7.66882011629077,0.000668206868397176,0.781061940672058
